DATE,T10Y3M,UNRATE,RPIT,PAYEMS,INDPRO,RRS,CORP,HTS,CPIAI
1/1/1982,1.676,8.6,5419.4,90565,48.7979,NA,1.92,0.21,94.4
2/1/1982,0.146111111,8.9,5439.4,90563,49.7942,NA,1.91,0.199,94.7
3/1/1982,0.546521739,9,5435,90434,49.459,NA,2.24,0.194,94.7
4/1/1982,0.527142857,9.3,5466.4,90150,49.0072,NA,2.32,0.206,95
5/1/1982,0.9085,9.4,5468.1,90107,48.6784,NA,2.38,0.203,95.9
6/1/1982,1.220909091,9.6,5445.2,89865,48.5529,NA,2.11,0.193,97
7/1/1982,2.082857143,9.8,5425.2,89521,48.3859,NA,2.19,0.174,97.5
8/1/1982,4.057727273,9.8,5436.7,89363,47.9495,NA,2.61,0.168,97.7
9/1/1982,4.146190476,10.1,5425.8,89183,47.8258,NA,2.69,0.171,97.7
10/1/1982,2.939,10.4,5415.4,88907,47.3656,NA,2.61,0.159,98.1
11/1/1982,2.204210526,10.8,5419.9,88786,47.2148,NA,2.62,0.164,98
12/1/1982,2.337272727,10.8,5451.9,88771,46.8797,NA,2.31,0.176,97.7
1/1/1983,2.34,10.4,5458.2,88990,47.7491,NA,2.15,0.177,97.9
2/1/1983,2.330526316,10.4,5458.5,88917,47.4548,NA,1.94,0.167,98
3/1/1983,1.846956522,10.3,5480.2,89090,47.8516,NA,1.88,0.191,98.1
4/1/1983,1.8865,10.2,5489.2,89364,48.4511,NA,1.78,0.166,98.8
5/1/1983,1.884285714,10.1,5514.5,89644,48.7542,NA,1.63,0.163,99.2
6/1/1983,1.709090909,10.1,5529.9,90021,49.0496,NA,1.63,0.175,99.4
7/1/1983,1.9275,9.4,5562.4,90437,49.7773,NA,1.24,0.184,99.8
8/1/1983,2.106956522,9.5,5555.9,90129,50.3727,NA,1.13,0.198,100.1
9/1/1983,2.292380952,9.2,5604.1,91247,51.098,NA,1.18,0.193,100.4
10/1/1983,2.553,8.8,5668.5,91520,51.4993,NA,1.21,0.208,100.8
11/1/1983,2.578947368,8.5,5703.9,91875,51.727,NA,1.2,0.226,101.1
12/1/1983,2.471904762,8.3,5755.7,92230,51.9886,NA,1.18,0.225,101.4
1/1/1984,2.41047619,8,5777.9,92673,53.0175,NA,1.45,0.212,102.1
2/1/1984,2.382631579,7.8,5819.3,93157,53.2651,NA,1.51,0.251,102.6
3/1/1984,2.429545455,7.8,5856.2,93429,53.5145,NA,1.42,0.243,102.9
4/1/1984,2.5605,7.7,5896.5,93792,53.8319,NA,1.5,0.263,103.3
5/1/1984,3.185454545,7.4,5912.7,94098,54.1204,NA,1.46,0.287,103.5
6/1/1984,3.302380952,7.2,5961.8,94479,54.3133,NA,1.5,0.279,103.7
7/1/1984,2.831428571,7.5,5978.9,94789,54.4644,NA,1.71,0.303,104.1
8/1/1984,1.815652174,7.5,6019.6,95032,54.53,NA,1.76,0.273,104.4
9/1/1984,1.726842105,7.3,6075.2,95344,54.3775,NA,1.69,0.297,104.7
10/1/1984,2.035909091,7.4,6049.7,95629,54.3528,NA,1.31,0.3,105.1
11/1/1984,2.647894737,7.2,6083.4,95982,54.5344,NA,1.19,0.33,105.3
12/1/1984,3.162,7.3,6112.7,96107,54.5608,NA,1.27,0.296,105.5
1/1/1985,3.364285714,7.3,6106.5,96372,54.5342,NA,1.18,0.298,105.7
2/1/1985,2.951666667,7.2,6111.5,96503,54.7019,NA,1.1,0.292,106.3
3/1/1985,3.025238095,7.2,6140.2,96842,54.7739,NA,1.13,0.309,106.8
4/1/1985,3.212857143,7.3,6128.2,97038,54.6662,NA,1.28,0.297,107
5/1/1985,3.113636364,7.2,6144.9,97312,54.7472,NA,1.43,0.291,107.2
6/1/1985,2.976,7.4,6171.1,97459,54.7211,NA,1.46,0.293,107.5
7/1/1985,2.990454545,7.4,6169.5,97648,54.4381,NA,1.46,0.276,107.7
8/1/1985,2.961363636,7.1,6180.7,97840,54.619,NA,1.45,0.277,107.9
9/1/1985,3.04,7.1,6209.5,98045,54.82,NA,1.41,0.295,108.1
10/1/1985,2.835909091,7.1,6242.3,98233,54.6304,NA,1.34,0.298,108.5
11/1/1985,2.305263158,7,6252.6,98443,54.8176,NA,1.44,0.289,109
12/1/1985,1.929047619,7,6295.7,98609,55.3596,NA,1.42,0.324,109.5
1/1/1986,1.891904762,6.7,6277.3,98732,55.6511,NA,1.39,0.279,109.9
2/1/1986,1.413684211,7.2,6310.2,98847,55.27,NA,1.44,0.245,109.7
3/1/1986,1.0145,7.2,6369.7,98934,54.8828,NA,1.5,0.261,109.1
4/1/1986,1.063636364,7.1,6390.2,99121,54.9456,NA,1.4,0.27,108.7
5/1/1986,1.374761905,7.2,6394.4,99248,55.0535,NA,1.2,0.264,109
6/1/1986,1.402857143,7.2,6395.7,99155,54.837,NA,1.21,0.283,109.4
7/1/1986,1.303636364,7,6416.9,99473,55.1716,NA,1.28,0.271,109.5
8/1/1986,1.48047619,6.9,6441.9,99588,55.0792,NA,1.46,0.275,109.6
9/1/1986,2.095238095,7,6448,99934,55.2317,NA,1.31,0.274,110
10/1/1986,2.103181818,7,6448.9,100121,55.4645,NA,1.38,0.277,110.2
11/1/1986,1.750555556,6.9,6461.9,100308,55.6854,NA,1.39,0.277,110.4
12/1/1986,1.43,6.6,6485.2,100509,56.212,NA,1.48,0.297,110.8
1/1/1987,1.5065,6.6,6473.4,100678,56.0012,NA,1.36,0.259,111.4
2/1/1987,1.499473684,6.6,6493.4,100919,56.7438,NA,1.27,0.279,111.8
3/1/1987,1.482727273,6.6,6511.4,101164,56.8235,NA,1.25,0.282,112.2
4/1/1987,2.207142857,6.3,6507.7,101499,57.1954,NA,1.19,0.285,112.7
5/1/1987,2.7665,6.3,6542.1,101728,57.5498,NA,1.18,0.289,113
6/1/1987,2.547727273,6.2,6546.4,101900,57.8603,NA,1.2,0.278,113.5
7/1/1987,2.567727273,6.1,6570.7,102247,58.2501,NA,1.19,0.283,113.8
8/1/1987,2.527142857,6,6613.8,102420,58.6889,NA,1.13,0.306,114.3
9/1/1987,2.80047619,5.9,6622.5,102647,58.9137,NA,1.13,0.299,114.7
10/1/1987,3.169047619,6,6670.6,103138,59.7083,NA,1.1,0.283,115
11/1/1987,2.970526316,5.8,6709.9,103372,60.0022,NA,1.22,0.316,115.4
12/1/1987,3.028181818,5.7,6793.8,103661,60.3336,NA,1.18,0.291,115.6
1/1/1988,2.661052632,5.7,6765.9,103753,60.3186,NA,1.19,0.313,116
2/1/1988,2.3695,5.7,6800.9,104214,60.6209,NA,1.22,0.341,116.2
3/1/1988,2.503478261,5.7,6808.8,104489,60.7591,NA,1.18,0.334,116.5
4/1/1988,2.6355,5.4,6839.6,104732,61.1144,NA,1.23,0.344,117.2
5/1/1988,2.634761905,5.6,6848.1,104962,60.9952,NA,1.14,0.335,117.5
6/1/1988,2.257272727,5.4,6876.1,105326,61.1697,NA,1.14,0.329,118
7/1/1988,2.108,5.4,6911.5,105550,61.1749,NA,1.15,0.329,118.5
8/1/1988,1.960869565,5.6,6929.8,105674,61.4851,NA,1.1,0.307,119
9/1/1988,1.499047619,5.4,6946.2,106013,61.2844,NA,1.08,0.337,119.5
10/1/1988,1.1985,5.4,6989.1,106276,61.5595,NA,0.9,0.347,119.9
11/1/1988,0.934,5.3,6988,106617,61.7128,NA,1.03,0.356,120.3
12/1/1988,0.757142857,5.3,7026,106898,61.9983,NA,1.08,0.339,120.7
1/1/1989,0.533,5.4,7072.7,107161,62.1789,NA,1.03,0.355,121.2
2/1/1989,0.332105263,5.2,7093,107427,61.9074,NA,0.97,0.323,121.6
3/1/1989,0.215454545,5,7121.5,107621,62.0592,NA,0.87,0.3,122.2
4/1/1989,0.213,5.2,7099.5,107791,62.0424,NA,0.82,0.326,123.1
5/1/1989,0.123181818,5.2,7066.7,107913,61.6948,NA,0.89,0.325,123.7
6/1/1989,-0.157272727,5.3,7084,108027,61.6915,NA,0.93,0.319,124.1
7/1/1989,-0.1285,5.2,7108.6,108069,61.0978,NA,0.94,0.306,124.5
8/1/1989,-0.057391304,5.2,7120.2,108120,61.6949,NA,0.92,0.313,124.5
9/1/1989,0.176,5.3,7137.5,108369,61.4839,NA,0.9,0.299,124.8
10/1/1989,0.108095238,5.3,7172.8,108476,61.4105,NA,0.89,0.311,125.4
11/1/1989,-0.06952381,5.4,7175.1,108752,61.6172,NA,0.92,0.302,125.9
12/1/1989,-0.0435,5.4,7185.9,108836,61.9635,NA,0.96,0.277,126.3
1/1/1990,0.308571429,5.4,7184.9,109188,61.644,NA,0.95,0.298,127.5
2/1/1990,0.471052632,5.3,7210.5,109432,62.2108,NA,0.92,0.297,128
3/1/1990,0.418636364,5.2,7216.8,109636,62.5068,NA,0.84,0.283,128.6
4/1/1990,0.745,5.4,7262.7,109670,62.3597,NA,0.84,0.272,128.9
5/1/1990,0.751363636,5.4,7252.9,109833,62.5474,NA,0.94,0.279,129.1
6/1/1990,0.493333333,5.2,7261.7,109857,62.7541,NA,0.96,0.282,129.9
7/1/1990,0.596666667,5.5,7289.9,109823,62.6497,NA,0.96,0.292,130.5
8/1/1990,1.05826087,5.7,7242,109609,62.8761,NA,1,0.277,131.6
9/1/1990,1.295263158,5.9,7231.3,109521,62.896,NA,1.08,0.273,132.5
10/1/1990,1.319545455,5.9,7159.5,109373,62.506,NA,1.21,0.266,133.4
11/1/1990,1.1015,6.2,7156.9,109220,61.7271,NA,1.32,0.257,133.7
12/1/1990,1.1255,6.3,7186.8,109172,61.2939,NA,1.38,0.256,134.2
1/1/1991,1.682380952,6.4,7117.2,109050,61.0931,NA,1.41,0.233,134.7
2/1/1991,1.738421053,6.6,7116.1,108731,60.6522,NA,1.24,0.234,134.8
3/1/1991,2.0165,6.8,7120,108568,60.3069,NA,1.16,0.232,134.8
4/1/1991,2.213636364,6.7,7136.9,108351,60.4658,NA,1.08,0.213,135.1
5/1/1991,2.434090909,6.9,7134.8,108249,61.0671,NA,1,0.217,135.6
6/1/1991,2.533,6.9,7174.5,108337,61.5611,NA,0.95,0.214,136
7/1/1991,2.521818182,6.8,7156.6,108290,61.723,NA,0.89,0.23,136.2
8/1/1991,2.402272727,6.9,7166.3,108301,61.736,NA,0.9,0.213,136.6
9/1/1991,2.2765,6.9,7185.1,108334,62.2464,NA,0.9,0.217,137
10/1/1991,2.383181818,7,7169.7,108361,62.1825,NA,0.94,0.202,137.2
11/1/1991,2.727894737,7,7186.3,108301,62.0983,NA,0.97,0.212,137.8
12/1/1991,2.904285714,7.3,7232.8,108333,61.8108,NA,0.95,0.238,138.2
1/1/1992,3.126190476,7.3,7251.5,108367,61.4898,NA,0.93,0.224,138.3
2/1/1992,3.387894737,7.4,7290.1,108313,61.9299,NA,0.94,0.229,138.6
3/1/1992,3.403636364,7.4,7294.4,108360,62.449,NA,0.9,0.232,139.1
4/1/1992,3.641428571,7.4,7313.2,108515,62.9312,NA,0.88,0.24,139.4
5/1/1992,3.673,7.6,7352.4,108648,63.1359,NA,0.85,0.238,139.7
6/1/1992,3.516818182,7.8,7384.2,108717,63.1736,NA,0.83,0.226,140.1
7/1/1992,3.565,7.7,7373.5,108799,63.7408,NA,0.77,0.253,140.5
8/1/1992,3.386666667,7.6,7401,108922,63.3917,NA,0.7,0.253,140.8
9/1/1992,3.446666667,7.6,7363.9,108955,63.5927,NA,0.7,0.264,141.1
10/1/1992,3.656190476,7.3,7321,109135,64.0282,NA,0.85,0.287,141.7
11/1/1992,3.667368421,7.4,7353.6,109279,64.2732,NA,0.86,0.26,142.1
12/1/1992,3.478636364,7.4,7655,109502,64.3668,NA,0.83,0.27,142.3
1/1/1993,3.528947368,7.3,7390.7,109794,64.6256,NA,0.76,0.264,142.8
2/1/1993,3.266315789,7.1,7432.5,110044,64.929,NA,0.68,0.271,143.1
3/1/1993,2.960869565,7,7403.9,109992,64.872,NA,0.57,0.285,143.3
4/1/1993,3.039047619,7.1,7473.1,110295,65.0611,NA,0.68,0.292,143.8
5/1/1993,3.0105,7.1,7476.3,110570,64.8104,NA,0.78,0.307,144.2
6/1/1993,2.818181818,7,7456.5,110751,64.9553,NA,0.74,0.302,144.3
7/1/1993,2.694285714,6.9,7477.1,111060,65.1198,NA,0.76,0.308,144.5
8/1/1993,2.587272727,6.8,7489.9,111209,65.0494,NA,0.75,0.308,144.8
9/1/1993,2.351428571,6.7,7469.1,111455,65.3882,NA,0.68,0.314,145
10/1/1993,2.242,6.8,7439.5,111733,65.8702,NA,0.64,0.308,145.6
11/1/1993,2.5445,6.6,7461.7,111989,66.1779,NA,0.73,0.343,146
12/1/1993,2.646363636,6.5,7752.5,112323,66.5602,NA,0.76,0.325,146.3
1/1/1994,2.706,6.6,7565,112598,66.7722,NA,0.73,0.344,146.3
2/1/1994,2.642631579,6.6,7574.1,112779,66.8068,NA,0.68,0.326,146.7
3/1/1994,2.89173913,6.5,7597.7,113240,67.4832,NA,0.65,0.327,147.1
4/1/1994,3.191578947,6.4,7676.1,113587,67.8771,NA,0.64,0.333,147.2
5/1/1994,2.915714286,6.1,7698.1,113923,68.1961,NA,0.63,0.328,147.5
6/1/1994,2.852272727,6.1,7687.8,114237,68.6526,NA,0.68,0.346,147.9
7/1/1994,2.8415,6.1,7706.9,114607,68.7353,NA,0.69,0.353,148.4
8/1/1994,2.624347826,6,7716.3,114899,69.1954,NA,0.67,0.37,149
9/1/1994,2.705714286,5.9,7752.9,115254,69.4017,NA,0.64,0.363,149.3
10/1/1994,2.642,5.8,7815.2,115457,69.969,NA,0.63,0.377,149.4
11/1/1994,2.506,5.6,7811,115872,70.4367,NA,0.64,0.39,149.8
12/1/1994,2.049047619,5.5,7843.2,116174,71.1413,NA,0.64,0.388,150.1
1/1/1995,1.878,5.6,7865,116504,71.2762,NA,0.62,0.438,150.5
2/1/1995,1.53,5.4,7881.4,116692,71.1904,NA,0.59,0.404,150.9
3/1/1995,1.294347826,5.4,7899.5,116907,71.2891,NA,0.58,0.391,151.2
4/1/1995,1.224736842,5.8,7912.6,117065,71.1623,NA,0.57,0.398,151.8
5/1/1995,0.785,5.6,7912.5,117050,71.5044,NA,0.55,0.388,152.1
6/1/1995,0.529090909,5.6,7948.3,117285,71.743,NA,0.6,0.388,152.4
7/1/1995,0.685,5.7,7974.2,117377,71.4459,NA,0.63,0.374,152.6
8/1/1995,0.922608696,5.7,7989.2,117639,72.38,NA,0.62,0.362,152.9
9/1/1995,0.7635,5.6,8026.4,117880,72.6601,NA,0.61,0.379,153.1
10/1/1995,0.60047619,5.5,8050.8,118029,72.5428,NA,0.63,0.391,153.5
11/1/1995,0.412380952,5.6,8085.1,118168,72.7178,NA,0.66,0.368,153.7
12/1/1995,0.4175,5.6,8094,118325,72.9672,NA,0.67,0.4,153.9
1/1/1996,0.501904762,5.6,8102.2,118318,72.5866,NA,0.66,0.363,154.7
2/1/1996,0.841,5.5,8172.2,118734,73.6389,NA,0.64,0.372,155
3/1/1996,1.170952381,5.5,8196,118990,73.5202,NA,0.68,0.365,155.5
4/1/1996,1.423636364,5.6,8210.4,119156,74.2664,NA,0.69,0.354,156.1
5/1/1996,1.583181818,5.6,8251.9,119489,74.8145,NA,0.68,0.369,156.4
6/1/1996,1.6805,5.3,8312.8,119770,75.3779,NA,0.69,0.392,156.7
7/1/1996,1.567272727,5.5,8303,120015,75.3754,NA,0.7,0.374,157
8/1/1996,1.446363636,5.1,8338,120201,75.7568,NA,0.72,0.358,157.2
9/1/1996,1.5945,5.2,8369.8,120402,76.2304,NA,0.69,0.35,157.7
10/1/1996,1.410454545,5.2,8375.9,120663,76.2193,NA,0.68,0.336,158.2
11/1/1996,1.034210526,5.4,8405.9,120949,76.8941,NA,0.69,0.32,158.7
12/1/1996,1.261904762,5.4,8442,121145,77.3731,NA,0.69,0.334,159.1
1/1/1997,1.413333333,5.3,8477,121363,77.5138,NA,0.67,0.35,159.4
2/1/1997,1.277368421,5.2,8516,121675,78.4246,NA,0.63,0.355,159.7
3/1/1997,1.41,5.2,8555.7,121989,78.9266,NA,0.63,0.372,159.8
4/1/1997,1.580909091,5.1,8568.6,122284,78.9924,NA,0.61,0.364,159.9
5/1/1997,1.514285714,4.9,8614.9,122551,79.4411,NA,0.62,0.371,159.9
6/1/1997,1.422857143,5,8648.6,122816,79.8048,NA,0.61,0.344,160.2
7/1/1997,1.025909091,4.9,8692.3,123112,80.48,NA,0.61,0.374,160.4
8/1/1997,1.019047619,4.8,8748.6,123092,81.2862,NA,0.6,0.383,160.8
9/1/1997,1.123809524,4.9,8778.2,123577,82.038,NA,0.55,0.385,161.2
10/1/1997,0.916818182,4.7,8831.7,123924,82.7657,NA,0.57,0.395,161.5
11/1/1997,0.593888889,4.6,8902.2,124229,83.4321,NA,0.55,0.404,161.7
12/1/1997,0.504090909,4.7,8957.7,124551,83.7826,NA,0.56,0.415,161.8
1/1/1998,0.3655,4.6,9045,124813,84.1656,NA,0.58,0.389,162
2/1/1998,0.344736842,4.6,9112.6,125019,84.3048,NA,0.58,0.393,162
3/1/1998,0.485454545,4.7,9171.8,125164,84.3416,NA,0.6,0.404,162
4/1/1998,0.554761905,4.3,9212.6,125447,84.6263,NA,0.64,0.402,162.2
5/1/1998,0.5125,4.4,9262.9,125847,85.1839,NA,0.61,0.408,162.6
6/1/1998,0.372272727,4.5,9319.7,126078,84.6809,NA,0.6,0.393,162.8
7/1/1998,0.366818182,4.5,9343.9,126208,84.3448,NA,0.6,0.413,163.2
8/1/1998,0.300952381,4.5,9384,126547,86.0846,NA,0.62,0.438,163.4
9/1/1998,0.067619048,4.6,9414.7,126745,85.9945,NA,0.69,0.451,163.5
10/1/1998,0.45952381,4.5,9433.7,126950,86.5967,NA,0.81,0.452,163.9
11/1/1998,0.296315789,4.4,9478.1,127224,86.5114,NA,0.93,0.487,164.1
12/1/1998,0.148181818,4.4,9497.8,127599,86.8608,NA,1.01,0.466,164.4
1/1/1999,0.275789474,4.3,9526.4,127704,87.2277,NA,1.05,0.499,164.7
2/1/1999,0.443684211,4.4,9569.7,128118,87.7266,NA,0.99,0.531,164.7
3/1/1999,0.666086957,4.2,9574.7,128234,87.9203,NA,0.91,0.5,164.8
4/1/1999,0.775454545,4.3,9556.6,128598,88.1153,NA,0.84,0.507,165.9
5/1/1999,0.9085,4.2,9577.7,128810,88.6554,NA,0.79,0.505,166
6/1/1999,1.184090909,4.3,9612.4,129088,88.5958,NA,0.79,0.507,166
7/1/1999,1.106190476,4.3,9639.2,129422,89.1235,NA,0.76,0.517,166.7
8/1/1999,1.065454545,4.2,9681.7,129569,89.5116,NA,0.75,0.52,167.1
9/1/1999,1.092857143,4.2,9676.6,129781,89.1361,NA,0.81,0.546,167.8
10/1/1999,1.0885,4.1,9739.5,130179,90.2842,NA,0.83,0.545,168.1
11/1/1999,0.8065,4.1,9816.9,130466,90.7631,NA,0.79,0.548,168.4
12/1/1999,0.918636364,4,9904,130780,91.4926,NA,0.64,0.529,168.8
1/1/2000,1.162,4,10000.3,131009,91.4251,NA,0.55,0.521,169.3
2/1/2000,0.7925,4.1,10045.9,131120,91.7357,NA,0.61,0.522,170
3/1/2000,0.392608696,4,10078.6,131605,92.0933,NA,0.69,0.521,171
4/1/2000,0.168947368,3.8,10127.6,131884,92.6838,NA,0.76,0.497,170.9
5/1/2000,0.445909091,4,10135.7,132106,92.9376,NA,0.91,0.476,171.2
6/1/2000,0.235454545,4,10184.3,132060,93.0076,NA,0.81,0.518,172.2
7/1/2000,-0.0885,4,10244.3,132226,92.8458,NA,0.7,0.465,172.7
8/1/2000,-0.451304348,4.1,10298.3,132231,92.5972,NA,0.71,0.441,172.7
9/1/2000,-0.376,3.9,10308.4,132356,92.9653,NA,0.73,0.409,173.6
10/1/2000,-0.556190476,3.9,10337.7,132352,92.6418,NA,0.79,0.397,173.9
11/1/2000,-0.639047619,3.9,10350.5,132553,92.6618,NA,0.83,0.375,174.2
12/1/2000,-0.6965,3.9,10354.8,132718,92.3459,NA,0.81,0.391,174.6
1/1/2001,-0.124285714,4.2,10400.3,132698,91.8903,NA,0.78,0.401,175.6
2/1/2001,0.093684211,4.2,10421.6,132785,91.2915,NA,0.77,0.393,176
3/1/2001,0.35,4.3,10452.6,132753,91.0526,NA,0.86,0.38,176.1
4/1/2001,1.175,4.4,10410.4,132456,90.7293,NA,0.87,0.341,176.4
5/1/2001,1.688181818,4.3,10376.7,132412,90.2577,NA,0.78,0.373,177.3
6/1/2001,1.719047619,4.5,10362.4,132296,89.7677,NA,0.79,0.36,177.7
7/1/2001,1.642857143,4.6,10360.8,132171,89.226,NA,0.84,0.34,177.4
8/1/2001,1.533478261,4.9,10353.3,132024,89.1326,NA,0.83,0.332,177.4
9/1/2001,2.039411765,5,10339.7,131765,88.6679,NA,0.86,0.309,178.1
10/1/2001,2.369090909,5.3,10281.1,131452,88.3926,NA,0.88,0.346,177.6
11/1/2001,2.745,5.5,10274.1,131142,87.8774,NA,0.84,0.306,177.5
12/1/2001,3.3675,5.7,10277.7,130985,87.8344,NA,1.28,0.318,177.4
1/1/2002,3.350952381,5.7,10282.4,130852,88.4665,NA,1.32,0.303,177.7
2/1/2002,3.154736842,5.7,10284.8,130732,88.4661,NA,1.38,0.299,178
3/1/2002,3.459,5.7,10284.1,130721,89.1228,NA,1.3,0.319,178.5
4/1/2002,3.465909091,5.9,10280,130617,89.5532,NA,1.27,0.325,179.3
5/1/2002,3.404090909,5.8,10307.9,130633,89.934,NA,1.34,0.353,179.5
6/1/2002,3.1945,5.8,10339.8,130683,90.6769,NA,1.32,0.326,179.6
7/1/2002,2.939545455,5.8,10302.9,130583,90.6455,NA,1.37,0.318,180
8/1/2002,2.61,5.7,10300.4,130587,90.5475,NA,1.21,0.343,180.5
9/1/2002,2.211,5.7,10302.1,130498,90.6381,NA,1.25,0.338,180.8
10/1/2002,2.330909091,5.7,10322.1,130621,90.4041,NA,1.41,0.336,181.2
11/1/2002,2.793684211,5.9,10344.9,130618,90.8985,NA,1.31,0.325,181.5
12/1/2002,2.821428571,6,10360.2,130470,90.389,NA,1.24,0.273,181.8
1/1/2003,2.85952381,5.8,10324.3,130579,91.1355,NA,1.18,0.282,182.6
2/1/2003,2.717368421,5.9,10285.2,130443,91.2502,NA,1.11,0.301,183.6
3/1/2003,2.656190476,5.9,10298.6,130233,91.0059,NA,1.06,0.294,183.9
4/1/2003,2.806190476,6,10341,130176,90.4281,NA,1.11,0.318,183.2
5/1/2003,2.480952381,6.1,10417.3,130197,90.4073,NA,1.16,0.318,182.9
6/1/2003,2.398095238,6.3,10450,130192,90.5218,NA,1.22,0.327,183.1
7/1/2003,3.055,6.2,10457.1,130183,90.9896,NA,1.13,0.34,183.7
8/1/2003,3.476190476,6.1,10473.1,130153,90.7858,NA,1.13,0.331,184.5
9/1/2003,3.319047619,6.1,10491.3,130252,91.3829,NA,1.07,0.342,185.1
10/1/2003,3.348636364,6,10547.7,130439,91.5005,NA,1.03,0.347,184.9
11/1/2003,3.347777778,5.8,10621.1,130482,92.1265,NA,1.01,0.366,185
12/1/2003,3.353181818,5.7,10611.8,130595,92.1722,NA,0.98,0.365,185.5
1/1/2004,3.25,5.7,10578,130765,92.327,NA,0.9,0.391,186.3
2/1/2004,3.139473684,5.6,10580.1,130822,92.8873,NA,0.77,0.398,186.7
3/1/2004,2.873043478,5.8,10619.2,131139,92.5325,NA,0.78,0.41,187.1
4/1/2004,3.38952381,5.6,10655.2,131410,92.9096,NA,0.73,0.405,187.4
5/1/2004,3.676,5.6,10720.8,131694,93.5838,NA,0.71,0.427,188.2
6/1/2004,3.445714286,5.6,10734.6,131789,92.8621,NA,0.77,0.412,188.9
7/1/2004,3.14047619,5.5,10788.8,131849,93.5511,NA,0.8,0.439,189.1
8/1/2004,2.778181818,5.4,10816.8,131936,93.6328,NA,0.81,0.44,189.2
9/1/2004,2.444285714,5.4,10834.4,132082,93.7418,NA,0.81,0.443,189.8
10/1/2004,2.3025,5.5,10842.5,132433,94.5671,NA,0.74,0.458,190.8
11/1/2004,2.0865,5.4,10809,132509,94.8,NA,0.68,0.45,191.7
12/1/2004,2.008181818,5.4,11216.7,132633,95.5426,NA,0.68,0.475,191.7
1/1/2005,1.8505,5.3,10842,132778,95.8831,NA,0.66,0.519,191.6
2/1/2005,1.585789474,5.4,10836.7,133033,96.5616,NA,0.62,0.483,192.4
3/1/2005,1.701818182,5.2,10877.8,133153,96.4371,NA,0.66,0.484,193.1
4/1/2005,1.504285714,5.2,10909.6,133516,96.628,NA,0.72,0.482,193.7
5/1/2005,1.242380952,5.1,10963.9,133687,96.7306,NA,0.86,0.486,193.6
6/1/2005,0.961818182,5,10996.5,133940,97.1488,NA,0.9,0.515,193.7
7/1/2005,0.89,5,11029.5,134297,96.8383,NA,0.89,0.527,194.9
8/1/2005,0.744347826,4.9,11028.8,134495,97.1603,NA,0.87,0.501,196.1
9/1/2005,0.704761905,5,10998.5,134551,95.2729,NA,0.9,0.5,198.8
10/1/2005,0.671,5,11081.4,134644,96.4383,NA,0.95,0.488,199.1
11/1/2005,0.5605,5,11158.5,135001,97.4951,NA,0.97,0.502,198.1
12/1/2005,0.496190476,4.9,11206.7,135161,97.9788,NA,0.95,0.486,198.1
1/1/2006,0.08,4.7,11309.9,135425,98.1305,NA,0.95,0.509,199.3
2/1/2006,0.029473684,4.8,11389.7,135731,98.1779,NA,0.92,0.557,199.4
3/1/2006,0.096086957,4.7,11441.6,136040,98.3898,NA,0.88,0.551,199.7
4/1/2006,0.268947368,4.7,11453.9,136211,98.6769,NA,0.84,0.559,200.7
5/1/2006,0.273636364,4.6,11437.1,136247,98.7052,NA,0.8,0.559,201.3
6/1/2006,0.188636364,4.6,11447.3,136328,99.0427,NA,0.89,0.548,201.8
7/1/2006,0.011,4.7,11430.6,136522,98.9804,NA,0.91,0.537,202.9
8/1/2006,-0.213913043,4.7,11414.5,136688,99.4106,NA,0.91,0.556,203.8
9/1/2006,-0.211,4.5,11486.6,136824,99.2207,NA,0.92,0.554,202.8
10/1/2006,-0.317142857,4.4,11562.6,136848,99.1253,NA,0.91,0.543,201.9
11/1/2006,-0.478095238,4.5,11624.9,137069,99.0969,NA,0.87,0.529,202
12/1/2006,-0.4085,4.4,11683.5,137253,100.1122,NA,0.9,0.538,203.1
1/1/2007,-0.345714286,4.6,11666.7,137476,99.7571,NA,0.94,0.494,203.437
2/1/2007,-0.440526316,4.5,11713.7,137554,100.7275,NA,0.89,0.465,204.226
3/1/2007,-0.515454545,4.4,11765.5,137781,100.9023,NA,0.97,0.422,205.288
4/1/2007,-0.312857143,4.5,11801.5,137843,101.5874,NA,0.92,0.401,205.904
5/1/2007,-0.121363636,4.4,11811.5,137993,101.6299,NA,0.92,0.365,206.755
6/1/2007,0.360952381,4.6,11807.8,138072,101.6482,NA,0.91,0.356,207.234
7/1/2007,0.043333333,4.7,11812,138042,101.4925,NA,0.92,0.339,207.603
8/1/2007,0.357826087,4.6,11798.6,138017,101.6874,NA,0.86,0.346,207.667
9/1/2007,0.527368421,4.7,11808.3,138103,101.9398,NA,0.85,0.333,208.547
10/1/2007,0.525,4.7,11791.6,138174,101.6345,NA,0.82,0.329,209.19
11/1/2007,0.794,4.7,11784.9,138292,102.2068,NA,0.96,0.316,210.834
12/1/2007,1.031,5,11825.3,138398,102.2604,NA,1.16,0.312,211.445
1/1/2008,0.924285714,5,11830.2,138399,102.14,NA,1.21,0.322,212.174
2/1/2008,1.5635,4.9,11841.2,138323,101.7671,NA,1.29,0.326,212.687
3/1/2008,2.2265,5.1,11844.7,138255,101.4355,NA,1.38,0.319,213.448
4/1/2008,2.363181818,5,11775,138038,100.7424,NA,1.42,0.337,213.942
5/1/2008,2.115714286,5.4,11728.6,137847,100.132,NA,1.36,0.333,215.208
6/1/2008,2.209047619,5.6,11669.1,137689,99.8651,NA,1.39,0.312,217.463
7/1/2008,2.352727273,5.8,11623.9,137492,99.4214,NA,1.49,0.291,219.016
8/1/2008,2.132857143,6.1,11680.1,137209,97.8448,NA,1.51,0.285,218.69
9/1/2008,2.53952381,6.1,11678.3,136758,93.559,NA,1.66,0.273,218.877
10/1/2008,3.128181818,6.5,11749.8,136294,94.4956,NA,2.6,0.267,216.995
11/1/2008,3.332777778,6.8,11812.4,135546,93.2689,NA,3.09,0.27,213.153
12/1/2008,2.382272727,7.3,11680.5,134849,90.628,NA,3.38,0.242,211.398
1/1/2009,2.388,7.8,11475.8,134069,88.3811,NA,3.09,0.212,211.933
2/1/2009,2.574736842,8.3,11296.4,133311,87.8412,NA,2.81,0.2,212.705
3/1/2009,2.603636364,8.7,11225.3,132493,86.4794,NA,2.92,0.196,212.495
4/1/2009,2.769047619,9,11215.7,131825,85.7883,NA,3,0.182,212.709
5/1/2009,3.116,9.4,11207.2,131470,84.9516,NA,2.52,0.18,213.022
6/1/2009,3.543181818,9.5,11120.7,131002,84.6928,NA,1.89,0.193,214.79
7/1/2009,3.378636364,9.5,11067.3,130661,85.7044,NA,1.68,0.196,214.726
8/1/2009,3.415238095,9.6,11040.4,130480,86.6617,NA,1.32,0.186,215.445
9/1/2009,3.278571429,9.8,11032.9,130240,87.4033,NA,1.18,0.189,215.861
10/1/2009,3.313333333,10,11031.5,130062,87.6035,NA,1.14,0.206,216.509
11/1/2009,3.350526316,9.9,11063.7,130059,87.9559,NA,1.13,0.224,217.234
12/1/2009,3.535454545,9.9,11090.7,129808,88.2468,NA,1.11,0.224,217.347
1/1/2010,3.671578947,9.8,11065.2,129798,89.1911,NA,0.99,0.224,217.488
2/1/2010,3.582105263,9.8,11055.9,129700,89.4972,NA,0.99,0.207,217.281
3/1/2010,3.576956522,9.9,11099.4,129864,90.1419,NA,1,0.219,217.353
4/1/2010,3.684545455,9.9,11218.9,130115,90.4591,NA,0.96,0.204,217.403
5/1/2010,3.26,9.6,11326.7,130645,91.702,NA,1.09,0.209,217.29
6/1/2010,3.080454545,9.4,11339.4,130501,91.8997,NA,1.35,0.212,217.199
7/1/2010,2.853809524,9.4,11368.1,130420,92.2522,NA,1.29,0.234,217.605
8/1/2010,2.543636364,9.5,11387.7,130424,92.5899,NA,1.17,0.212,217.923
9/1/2010,2.495714286,9.5,11399.6,130339,92.8564,NA,1.13,0.219,218.275
10/1/2010,2.4055,9.4,11418.9,130620,92.6037,NA,1.04,0.216,219.035
11/1/2010,2.62,9.8,11440.1,130754,92.6773,NA,1.05,0.23,219.59
12/1/2010,3.15,9.3,11523.9,130835,93.5851,NA,1.08,0.223,220.472
1/1/2011,3.242,9.1,11708.4,130842,93.3944,NA,1.05,0.259,221.187
2/1/2011,3.444210526,9,11761.8,131052,92.993,NA,0.93,0.266,221.898
3/1/2011,3.313913043,9,11734,131277,93.982,NA,0.9,0.275,223.046
4/1/2011,3.3965,9.1,11719.4,131604,93.6525,NA,0.86,0.289,224.093
5/1/2011,3.127619048,9,11715.9,131704,93.7775,NA,0.82,0.3,224.806
6/1/2011,2.965,9.1,11785.7,131936,94.0467,NA,0.76,0.305,224.806
7/1/2011,2.9655,9,11856.3,131991,94.4931,NA,0.83,0.301,225.395
8/1/2011,2.278695652,9,11854.7,132124,95.0969,NA,0.99,0.326,226.106
9/1/2011,1.961428571,9,11840.1,132345,95.0281,NA,1.18,0.33,226.597
10/1/2011,2.133,8.8,11842.3,132557,95.6924,NA,1.39,0.339,226.75
11/1/2011,1.9995,8.6,11829.9,132701,95.6913,NA,1.27,0.337,227.169
12/1/2011,1.966666667,8.5,11949.8,132901,96.1938,NA,1.32,0.342,227.223
1/1/2012,1.932,8.3,12032,133246,96.779,NA,1.38,0.337,227.842
2/1/2012,1.8755,8.3,12108.5,133518,97.0959,NA,1.29,0.358,228.329
3/1/2012,2.088636364,8.2,12142.7,133744,96.5919,NA,1.24,0.357,228.807
4/1/2012,1.969047619,8.2,12191.2,133827,97.2942,NA,1.23,0.361,229.187
5/1/2012,1.713636364,8.2,12183,133935,97.4853,NA,1.27,0.361,228.713
6/1/2012,1.530952381,8.2,12168.5,134007,97.4959,NA,1.38,0.35,228.524
7/1/2012,1.42952381,8.2,12080.6,134153,97.6922,NA,1.47,0.353,228.59
8/1/2012,1.575652174,8.1,12061.8,134330,97.3061,NA,1.43,0.353,229.918
9/1/2012,1.617894737,7.8,12161.3,134512,97.2383,NA,1.35,0.34,231.015
10/1/2012,1.641428571,7.8,12268.6,134671,97.5425,NA,1.11,0.316,231.638
11/1/2012,1.5605,7.7,12457.7,134834,97.934,NA,1.01,0.327,231.249
12/1/2012,1.649,7.9,12812.9,135075,98.1984,NA,0.98,0.341,231.221
1/1/2013,1.84047619,8,12052.3,135265,98.2029,NA,,0.339,231.679
2/1/2013,1.885263158,7.7,12028.1,135544,98.6733,NA,,0.345,232.937
3/1/2013,1.8705,7.5,12065.8,135689,99.0788,NA,,0.309,232.282
4/1/2013,1.699090909,7.6,12133.9,135876,98.9658,NA,,0.36,231.797
5/1/2013,1.884090909,7.5,12186.3,136091,99.0567,NA,,0.347,231.893
6/1/2013,2.2495,7.5,12182.7,136269,99.2424,NA,,0.375,232.445
7/1/2013,2.546818182,7.3,12155,136391,98.9258,NA,,0.347,232.9
8/1/2013,2.693636364,7.2,12176.8,136635,99.5059,NA,,0.341,233.456
9/1/2013,2.7935,7.2,12235.2,136819,100.0391,NA,,0.351,233.544
10/1/2013,2.568636364,7.2,12189,137039,99.9203,NA,,0.373,233.669
11/1/2013,2.650526316,6.9,12228,137314,100.1661,NA,,0.364,234.1
12/1/2013,2.835238095,6.7,12256.4,137368,100.3777,NA,,0.372,234.719
1/1/2014,2.814761905,6.6,12325.9,137552,99.999,NA,,0.365,235.288
2/1/2014,2.656842105,6.7,12398.8,137707,100.7583,NA,,0.376,235.547
3/1/2014,2.670952381,6.7,12463,137986,101.7767,NA,,0.379,236.028
4/1/2014,2.674285714,6.2,12494.1,138298,101.8425,NA,,0.415,236.468
5/1/2014,2.526666667,6.3,12517.4,138501,102.2594,NA,,0.4,236.918
6/1/2014,2.562857143,6.1,12562.1,138833,102.5986,NA,,0.392,237.231
7/1/2014,2.515909091,6.2,12593.5,139076,102.8163,NA,,0.426,237.498
8/1/2014,2.387142857,6.1,12657.1,139258,102.6562,NA,,0.431,237.46
9/1/2014,2.514285714,5.9,12701.3,139563,102.9776,NA,,0.432,237.477
10/1/2014,2.287272727,5.7,12769.9,139805,102.9892,NA,,0.431,237.43
11/1/2014,2.303888889,5.8,12848.6,140089,103.6402,NA,,0.405,236.983
12/1/2014,2.178181818,5.6,12933.1,140366,103.6345,NA,,0.421,236.252
1/1/2015,1.854,5.7,13038.7,140562,102.8239,NA,,0.435,234.747
2/1/2015,1.957368421,5.5,13086.9,140829,102.1513,NA,,0.43,235.342
3/1/2015,2.015,5.4,13043.4,140924,101.824,NA,,0.436,235.976
4/1/2015,1.911818182,5.4,13080.5,141202,101.244,NA,,0.444,236.222
5/1/2015,2.181,5.6,13108.5,141540,100.783,NA,,0.44,237.001
6/1/2015,2.348636364,5.3,13116.2,141695,100.4781,NA,,0.489,237.657
7/1/2015,2.292272727,5.2,13138.7,141989,101.1052,NA,,0.491,238.034
8/1/2015,2.095238095,5.1,13165.5,142130,100.9442,NA,,0.451,238.033
9/1/2015,2.148571429,5,13200.8,142265,100.6507,NA,,0.447,237.498
10/1/2015,2.053333333,5,13235.8,142585,100.1871,NA,,0.452,237.733
11/1/2015,2.136842105,5.1,13227.7,142810,99.4382,NA,,0.451,238.017
12/1/2015,2.014090909,5,13278.2,143083,98.939,NA,,0.422,237.761
1/1/2016,1.827894737,4.8,13294.9,143198,99.4558,NA,,0.444,237.652
2/1/2016,1.465,4.9,13288.1,143410,98.9136,NA,,0.456,237.336
3/1/2016,1.591818182,5,13286.4,143666,98.1907,NA,,0.465,238.08
4/1/2016,1.577142857,5.1,13263,143856,98.4669,NA,,0.422,238.992
5/1/2016,1.52952381,4.8,13253.1,143901,98.2518,NA,,0.406,239.557
6/1/2016,1.371363636,4.9,13272.8,144152,98.7275,NA,,0.402,240.222
7/1/2016,1.203,4.8,13334.6,144515,98.836,NA,,0.366,240.101
8/1/2016,1.256956522,4.9,13344.9,144664,98.7554,NA,,0.386,240.545
9/1/2016,1.336190476,5,13385.3,144961,98.6596,NA,,0.382,241.176
10/1/2016,1.433,4.9,13402.3,145069,98.7322,NA,,0.348,241.741
11/1/2016,1.6895,4.7,13450.8,145189,98.3452,NA,,0.38,242.026
12/1/2016,1.98,4.7,13499.3,145408,99.0314,NA,,0.371,242.637
1/1/2017,1.9135,4.7,13541.3,145639,98.7987,NA,,0.363,243.618
2/1/2017,1.892631579,4.6,13589.2,145845,98.4322,NA,,0.384,244.006
3/1/2017,1.733913043,4.4,13642.8,145975,99.0663,NA,,0.405,243.892
4/1/2017,1.488947368,4.4,13682.6,146172,100.0082,NA,,0.395,244.193
5/1/2017,1.400454545,4.4,13780.7,146389,100.1286,NA,,0.417,244.004
6/1/2017,1.187727273,4.3,13790.9,146588,100.3233,NA,,0.427,244.163
7/1/2017,1.2315,4.3,13837.7,146772,100.0947,NA,,0.395,244.243
8/1/2017,1.176956522,4.4,13860.4,146907,99.6642,NA,,0.438,245.183
9/1/2017,1.1555,4.3,13903.9,146999,99.7686,NA,,0.42,246.435
10/1/2017,1.266666667,4.2,13963.2,147147,100.9981,NA,,0.423,246.626
11/1/2017,1.102857143,4.2,14028.2,147377,101.2597,NA,,0.452,247.284
12/1/2017,1.061,4.1,14062.3,147521,101.4573,NA,,0.442,247.805
1/1/2018,1.151428571,4,14042.8,147670,101.3939,NA,,0.43,248.859
2/1/2018,1.271052632,4.1,14068.6,148058,101.7656,NA,,0.472,249.529
3/1/2018,1.115714286,4,14103,148281,102.2441,NA,,0.466,249.577
4/1/2018,1.080952381,4,14121.8,148426,103.3468,NA,,0.467,250.227
5/1/2018,1.078181818,3.8,14163.6,148755,102.3911,NA,,0.487,250.792
6/1/2018,0.977142857,4,14226,148966,103.1924,NA,,0.493,251.018
7/1/2018,0.894285714,3.8,14298.5,149022,103.3334,NA,,0.492,251.214
8/1/2018,0.816521739,3.8,14356.7,149272,104.0807,NA,,0.52,251.663
9/1/2018,0.838947368,3.7,14354,149361,104.1181,NA,,0.496,252.182
10/1/2018,0.859090909,3.8,14370.2,149526,103.9397,NA,,0.522,252.772
11/1/2018,0.743,3.8,14411.1,149622,104.0007,NA,,0.508,252.594
12/1/2018,0.420526316,3.9,14599.3,149805,103.9946,NA,,0.484,252.767
1/1/2019,0.29,4,14565.8,150114,103.373,NA,,0.534,252.718
2/1/2019,0.238421053,3.8,14629,150092,102.8292,NA,,0.505,253.322
3/1/2019,0.117142857,3.8,14662.8,150320,102.8286,NA,,0.504,254.202
4/1/2019,0.09952381,3.6,14638.4,150563,102.2481,NA,,0.578,255.211
5/1/2019,-0.008181818,3.7,14636,150630,102.4192,NA,,0.571,255.29
6/1/2019,-0.1455,3.6,14651.8,150797,102.4893,NA,,0.525,255.159
7/1/2019,-0.085909091,3.7,14644.9,150879,102.0236,NA,,0.583,255.685
8/1/2019,-0.364090909,3.7,14724,151111,102.7754,NA,,0.539,256.059
9/1/2019,-0.235,3.5,14754.4,151318,102.5315,NA,,0.559,256.511
10/1/2019,0.028181818,3.6,14786.9,151447,101.6022,NA,,0.519,257.244
11/1/2019,0.24,3.6,14864.1,151662,102.148,NA,,0.451,257.803
12/1/2019,0.297619048,3.6,14792.5,151764,101.884,NA,,0.463,258.616
1/1/2020,0.205238095,3.5,14966.4,152098,101.3768,NA,,0.441,259.037
2/1/2020,-0.040526316,3.5,15051,152371,101.633,NA,,0.456,259.248
3/1/2020,0.574545455,4.4,14686.1,150944,97.6672,NA,,0.382,258.124
4/1/2020,0.51952381,14.7,13798.2,130430,84.5979,NA,,0.352,256.092
5/1/2020,0.5465,13.2,14117,133055,85.9732,NA,,0.29,255.868
6/1/2020,0.569090909,11,14433.6,137620,91.5625,NA,,0.358,256.986
7/1/2020,0.496818182,10.2,14567.8,139064,95.0144,NA,,0.392,258.278
8/1/2020,0.545714286,8.4,14732,140799,95.8881,NA,,0.423,259.411
9/1/2020,0.570952381,7.9,14899.2,141760,95.8444,NA,,0.447,260.029
10/1/2020,0.686666667,6.9,15128.9,142479,96.4292,NA,,0.449,260.286
11/1/2020,0.778947368,6.7,15110.8,142743,96.8564,NA,,0.459,260.813
12/1/2020,0.846363636,6.7,15124.8,142475,97.9754,NA,,0.458,262.035
1/1/2021,0.997368421,6.3,15057.7,142969,98.7836,NA,,0.488,262.65
2/1/2021,1.215263158,6.2,15068,143544,95.3744,NA,,0.453,263.638
3/1/2021,1.579565217,6.1,15203.4,144328,98.1351,NA,,0.521,264.914
4/1/2021,1.614090909,6.1,15323.2,144614,98.2886,NA,,0.491,266.67
5/1/2021,1.603,5.8,15393.1,145096,99.1508,NA,,0.472,268.444
6/1/2021,1.483181818,5.9,15440.9,145789,99.5096,NA,,0.484,270.559
7/1/2021,1.266190476,5.4,15491.1,146558,100.1231,NA,,0.443,271.764
8/1/2021,1.228636364,5.2,15480.9,147221,100.1255,NA,,0.424,272.87
9/1/2021,1.332857143,4.8,15513.3,147778,99.0614,NA,,0.432,274.028
10/1/2021,1.5305,4.5,15565.9,148559,100.3045,NA,,0.423,276.522
11/1/2021,1.508,4.2,15560.6,149173,101.1971,NA,,0.444,278.711
12/1/2021,1.406363636,3.9,15500.8,149742,100.886,NA,,0.469,280.887
1/1/2022,1.6185,4,15399,150106,101.0227,NA,,0.422,282.599
2/1/2022,1.619473684,3.8,15379.6,151010,101.6766,NA,,0.442,284.61
3/1/2022,1.680434783,3.6,15315.8,151424,102.478,NA,,0.472,287.472
4/1/2022,1.984,3.6,15315.5,151678,102.7953,NA,,0.45,288.611
5/1/2022,1.905238095,3.6,15304.5,152042,102.7769,NA,,0.463,291.268
6/1/2022,1.604761905,3.6,15242.6,152412,102.6863,NA,,0.482,294.728
7/1/2022,0.598,3.5,15386.7,152980,103.1328,NA,,0.472,294.628
8/1/2022,0.176086957,3.7,15434.7,153332,103.2344,NA,,0.513,295.32
9/1/2022,0.297142857,3.5,15466.3,153682,103.5283,NA,,0.49,296.539
10/1/2022,0.111,3.7,15426.4,154006,103.4114,NA,,0.476,297.987
11/1/2022,-0.432,3.6,15405.3,154296,103.0707,NA,,0.515,298.598
12/1/2022,-0.741904762,3.5,15402.2,154535,101.4848,NA,,0.498,298.99
1/1/2023,-1.156,3.4,15496.1,155007,102.5478,NA,,0.501,300.536
2/1/2023,-1.041052632,3.6,15529.2,155255,102.5671,NA,,0.504,301.648
3/1/2023,-1.195652174,3.5,15596.8,155472,102.6592,NA,,0.509,301.808
4/1/2023,-1.6135,3.4,15592.2,155689,103.1512,NA,,0.532,302.918
5/1/2023,-1.734545455,3.7,15622.4,155970,102.924,NA,,0.565,303.294
6/1/2023,-1.667619048,3.6,15638,156075,102.303,NA,,0.548,303.841
7/1/2023,-1.589,3.5,15680,156311,103.267,NA,,0.504,304.348
8/1/2023,-1.391304348,3.8,15710.9,156476,103.2927,NA,,0.544,306.269
9/1/2023,-1.1765,3.8,15741.5,156773,103.3643,NA,,0.501,307.481
10/1/2023,-0.806666667,3.9,15785,156923,102.7081,NA,,0.475,307.619